{
  "version": 1,
  "author": "Shubham Joshi",
  "editor": "wokwi",
  "parts": [
    { "type": "wokwi-arduino-uno", "id": "uno", "top": 87, "left": -58.2, "attrs": {} },
    { "type": "wokwi-lcd1602", "id": "lcd1", "top": -111.77, "left": -41.6, "attrs": {} },
    {
      "type": "wokwi-resistor",
      "id": "r1",
      "top": 42.35,
      "left": 192,
      "attrs": { "value": "220" }
    }
  ],
  "connections": [
    [ "lcd1:VSS", "uno:GND.1", "green", [ "v48", "h67.2" ] ],
    [ "lcd1:RW", "uno:GND.1", "green", [ "v38.4", "h28.7" ] ],
    [ "lcd1:K", "uno:GND.1", "green", [ "v48", "h-76.8" ] ],
    [ "lcd1:A", "r1:1", "green", [ "v0" ] ],
    [ "r1:2", "uno:5V", "green", [ "v259.2", "h-145.2" ] ],
    [ "lcd1:D7", "uno:7", "red", [ "v0" ] ],
    [ "lcd1:D6", "uno:8", "#8f4814", [ "v0" ] ],
    [ "lcd1:D5", "uno:9", "violet", [ "v0" ] ],
    [ "lcd1:D4", "uno:10", "blue", [ "v0" ] ],
    [ "lcd1:E", "uno:11", "gold", [ "v0" ] ],
    [ "lcd1:RS", "uno:12", "magenta", [ "v0" ] ],
    [ "lcd1:VDD", "uno:5V", "green", [ "v288", "h9.7" ] ]
  ],
  "dependencies": {}
}